{
  "ticket": "ENG-346",
  "ts": "20260612T210645Z",
  "n": 400,
  "p0": 0.02,
  "alpha": 0.05,
  "power": 0.8,
  "wilson_lo": 0.010168,
  "wilson_hi": 0.038963,
  "mde_newcombe": 0.03846,
  "mcnemar_min_dc": 6
}